{
  "n": 50,
  "A_room_count": {
    "qwen": {
      "n": 50,
      "mae": 3.68,
      "mean_signed": -1.72,
      "mean_over": 0.98,
      "mean_under": 2.7,
      "exact_match_pct": 14.000000000000002
    },
    "claude": {
      "n": 50,
      "mae": 2.6,
      "mean_signed": 1.2,
      "mean_over": 1.9,
      "mean_under": 0.7,
      "exact_match_pct": 14.000000000000002
    }
  },
  "B_per_class_iou_claude_val": {
    "room": {
      "mean": 0.671940722642978,
      "std": 0.13943074758145396,
      "n": 50
    },
    "wall": {
      "mean": 0.24814190195888583,
      "std": 0.10181199557809957,
      "n": 50
    },
    "door": {
      "mean": 0.0794685002453675,
      "std": 0.08795445899443255,
      "n": 50
    },
    "window": {
      "mean": 0.14663087043132883,
      "std": 0.12330683500560667,
      "n": 50
    }
  },
  "C_per_type_f1": {
    "qwen": {
      "other": {
        "gt": 174,
        "tp": 9,
        "fp": 0,
        "fn": 165,
        "precision": 1.0,
        "recall": 0.05172413793103448,
        "f1": 0.09836065573770492
      },
      "bedroom": {
        "gt": 107,
        "tp": 70,
        "fp": 6,
        "fn": 37,
        "precision": 0.9210526315789473,
        "recall": 0.6542056074766355,
        "f1": 0.7650273224043717
      },
      "bath": {
        "gt": 51,
        "tp": 24,
        "fp": 13,
        "fn": 27,
        "precision": 0.6486486486486487,
        "recall": 0.47058823529411764,
        "f1": 0.5454545454545454
      },
      "living": {
        "gt": 42,
        "tp": 35,
        "fp": 8,
        "fn": 7,
        "precision": 0.813953488372093,
        "recall": 0.8333333333333334,
        "f1": 0.8235294117647058
      },
      "kitchen": {
        "gt": 38,
        "tp": 31,
        "fp": 7,
        "fn": 7,
        "precision": 0.8157894736842105,
        "recall": 0.8157894736842105,
        "f1": 0.8157894736842104
      },
      "entry": {
        "gt": 34,
        "tp": 25,
        "fp": 13,
        "fn": 9,
        "precision": 0.6578947368421053,
        "recall": 0.7352941176470589,
        "f1": 0.6944444444444445
      },
      "storage": {
        "gt": 23,
        "tp": 18,
        "fp": 7,
        "fn": 5,
        "precision": 0.72,
        "recall": 0.782608695652174,
        "f1": 0.7499999999999999
      },
      "dining": {
        "gt": 14,
        "tp": 9,
        "fp": 12,
        "fn": 5,
        "precision": 0.42857142857142855,
        "recall": 0.6428571428571429,
        "f1": 0.5142857142857143
      },
      "technical": {
        "gt": 10,
        "tp": 6,
        "fp": 22,
        "fn": 4,
        "precision": 0.21428571428571427,
        "recall": 0.6,
        "f1": 0.3157894736842105
      },
      "garage": {
        "gt": 10,
        "tp": 3,
        "fp": 5,
        "fn": 7,
        "precision": 0.375,
        "recall": 0.3,
        "f1": 0.33333333333333326
      },
      "study": {
        "gt": 8,
        "tp": 1,
        "fp": 0,
        "fn": 7,
        "precision": 1.0,
        "recall": 0.125,
        "f1": 0.2222222222222222
      },
      "alcove": {
        "gt": 3,
        "tp": 2,
        "fp": 2,
        "fn": 1,
        "precision": 0.5,
        "recall": 0.6666666666666666,
        "f1": 0.5714285714285715
      },
      "hall": {
        "gt": 2,
        "tp": 2,
        "fp": 14,
        "fn": 0,
        "precision": 0.125,
        "recall": 1.0,
        "f1": 0.2222222222222222
      },
      "elevated": {
        "gt": 2,
        "tp": 0,
        "fp": 0,
        "fn": 2,
        "precision": 0.0,
        "recall": 0.0,
        "f1": 0.0
      },
      "recreationroom": {
        "gt": 1,
        "tp": 0,
        "fp": 0,
        "fn": 1,
        "precision": 0.0,
        "recall": 0.0,
        "f1": 0.0
      }
    },
    "claude": {
      "other": {
        "gt": 174,
        "tp": 4,
        "fp": 0,
        "fn": 170,
        "precision": 1.0,
        "recall": 0.022988505747126436,
        "f1": 0.0449438202247191
      },
      "bedroom": {
        "gt": 107,
        "tp": 101,
        "fp": 17,
        "fn": 6,
        "precision": 0.8559322033898306,
        "recall": 0.9439252336448598,
        "f1": 0.8977777777777778
      },
      "bath": {
        "gt": 51,
        "tp": 40,
        "fp": 20,
        "fn": 11,
        "precision": 0.6666666666666666,
        "recall": 0.7843137254901961,
        "f1": 0.7207207207207207
      },
      "living": {
        "gt": 42,
        "tp": 42,
        "fp": 13,
        "fn": 0,
        "precision": 0.7636363636363637,
        "recall": 1.0,
        "f1": 0.865979381443299
      },
      "kitchen": {
        "gt": 38,
        "tp": 35,
        "fp": 13,
        "fn": 3,
        "precision": 0.7291666666666666,
        "recall": 0.9210526315789473,
        "f1": 0.8139534883720931
      },
      "entry": {
        "gt": 34,
        "tp": 22,
        "fp": 21,
        "fn": 12,
        "precision": 0.5116279069767442,
        "recall": 0.6470588235294118,
        "f1": 0.5714285714285715
      },
      "storage": {
        "gt": 23,
        "tp": 23,
        "fp": 11,
        "fn": 0,
        "precision": 0.6764705882352942,
        "recall": 1.0,
        "f1": 0.8070175438596492
      },
      "dining": {
        "gt": 14,
        "tp": 0,
        "fp": 0,
        "fn": 14,
        "precision": 0.0,
        "recall": 0.0,
        "f1": 0.0
      },
      "technical": {
        "gt": 10,
        "tp": 10,
        "fp": 26,
        "fn": 0,
        "precision": 0.2777777777777778,
        "recall": 1.0,
        "f1": 0.4347826086956522
      },
      "garage": {
        "gt": 10,
        "tp": 6,
        "fp": 1,
        "fn": 4,
        "precision": 0.8571428571428571,
        "recall": 0.6,
        "f1": 0.7058823529411764
      },
      "study": {
        "gt": 8,
        "tp": 6,
        "fp": 1,
        "fn": 2,
        "precision": 0.8571428571428571,
        "recall": 0.75,
        "f1": 0.7999999999999999
      },
      "alcove": {
        "gt": 3,
        "tp": 2,
        "fp": 0,
        "fn": 1,
        "precision": 1.0,
        "recall": 0.6666666666666666,
        "f1": 0.8
      },
      "hall": {
        "gt": 2,
        "tp": 2,
        "fp": 15,
        "fn": 0,
        "precision": 0.11764705882352941,
        "recall": 1.0,
        "f1": 0.21052631578947367
      },
      "elevated": {
        "gt": 2,
        "tp": 0,
        "fp": 0,
        "fn": 2,
        "precision": 0.0,
        "recall": 0.0,
        "f1": 0.0
      },
      "recreationroom": {
        "gt": 1,
        "tp": 0,
        "fp": 0,
        "fn": 1,
        "precision": 0.0,
        "recall": 0.0,
        "f1": 0.0
      }
    }
  }
}
