{
  "level": "level3_strict",
  "n_plans": 50,
  "n_paired": 50,
  "paired_ids": [
    "1052",
    "1089",
    "1107",
    "1241",
    "1611",
    "1646",
    "1654",
    "1699",
    "24",
    "259",
    "282",
    "3015",
    "3096",
    "3164",
    "333",
    "361",
    "4820",
    "4972",
    "555",
    "5559",
    "5566",
    "5625",
    "5748",
    "5981",
    "6136",
    "6244",
    "6257",
    "6272",
    "6302",
    "6339",
    "638",
    "6387",
    "6389",
    "642",
    "6655",
    "6675",
    "7677",
    "7820",
    "7842",
    "801",
    "8154",
    "8425",
    "8786",
    "9001",
    "9031",
    "9088",
    "9296",
    "9603",
    "9885",
    "9905"
  ],
  "qwen_f1": [
    0.23076923076923078,
    0.4444444444444444,
    0.4166666666666667,
    0.6153846153846153,
    0.0,
    0.6153846153846153,
    0.0,
    0.6666666666666666,
    0.3333333333333333,
    0.5641025641025642,
    0.5333333333333333,
    0.7272727272727272,
    0.7368421052631577,
    0.6956521739130435,
    0.6666666666666666,
    0.6923076923076924,
    0.42857142857142855,
    0.5714285714285715,
    0.43478260869565216,
    0.2222222222222222,
    0.5,
    0.3448275862068966,
    0.5,
    0.6666666666666666,
    0.4444444444444445,
    0.6666666666666665,
    0.28571428571428575,
    0.5,
    0.6666666666666667,
    0.4444444444444445,
    0.0,
    0.5882352941176471,
    0.4324324324324324,
    0.6250000000000001,
    0.0,
    0.7058823529411764,
    0.32,
    0.43902439024390244,
    0.5,
    0.3157894736842105,
    0.0,
    0.56,
    0.5454545454545454,
    0.4761904761904762,
    0.5454545454545454,
    0.0,
    0.6666666666666666,
    0.5555555555555556,
    0.6486486486486486,
    0.0
  ],
  "claude_f1": [
    0.3076923076923077,
    0.36363636363636365,
    0.4848484848484848,
    0.5714285714285715,
    0.0,
    0.6206896551724138,
    0.46153846153846156,
    0.6956521739130435,
    0.4,
    0.6315789473684211,
    0.6250000000000001,
    0.7407407407407408,
    0.6956521739130435,
    0.64,
    0.5,
    0.6206896551724139,
    0.5555555555555556,
    0.631578947368421,
    0.47619047619047616,
    0.15384615384615383,
    0.39999999999999997,
    0.3870967741935483,
    0.6666666666666666,
    0.5714285714285715,
    0.5454545454545455,
    0.6250000000000001,
    0.39999999999999997,
    0.5,
    0.7368421052631577,
    0.47058823529411764,
    0.0,
    0.4705882352941177,
    0.5625,
    0.5625000000000001,
    0.5,
    0.7272727272727272,
    0.5625,
    0.45,
    0.5,
    0.5333333333333333,
    0.5454545454545454,
    0.6206896551724138,
    0.6956521739130435,
    0.6428571428571429,
    0.46153846153846156,
    0.3703703703703704,
    0.6666666666666666,
    0.631578947368421,
    0.5714285714285714,
    0.4615384615384615
  ],
  "per_plan": {
    "1052": {
      "gt_rooms": 13,
      "qwen": {
        "precision": 0.23076923076923078,
        "recall": 0.23076923076923078,
        "f1": 0.23076923076923078
      },
      "claude": {
        "precision": 0.3076923076923077,
        "recall": 0.3076923076923077,
        "f1": 0.3076923076923077
      }
    },
    "1089": {
      "gt_rooms": 3,
      "qwen": {
        "precision": 0.3333333333333333,
        "recall": 0.6666666666666666,
        "f1": 0.4444444444444444
      },
      "claude": {
        "precision": 0.25,
        "recall": 0.6666666666666666,
        "f1": 0.36363636363636365
      }
    },
    "1107": {
      "gt_rooms": 15,
      "qwen": {
        "precision": 0.5555555555555556,
        "recall": 0.3333333333333333,
        "f1": 0.4166666666666667
      },
      "claude": {
        "precision": 0.4444444444444444,
        "recall": 0.5333333333333333,
        "f1": 0.4848484848484848
      }
    },
    "1241": {
      "gt_rooms": 6,
      "qwen": {
        "precision": 0.5714285714285714,
        "recall": 0.6666666666666666,
        "f1": 0.6153846153846153
      },
      "claude": {
        "precision": 0.5,
        "recall": 0.6666666666666666,
        "f1": 0.5714285714285715
      }
    },
    "1611": {
      "gt_rooms": 4,
      "qwen": {
        "precision": 0.0,
        "recall": 0.0,
        "f1": 0.0
      },
      "claude": {
        "precision": 0.0,
        "recall": 0.0,
        "f1": 0.0
      }
    },
    "1646": {
      "gt_rooms": 14,
      "qwen": {
        "precision": 0.6666666666666666,
        "recall": 0.5714285714285714,
        "f1": 0.6153846153846153
      },
      "claude": {
        "precision": 0.6,
        "recall": 0.6428571428571429,
        "f1": 0.6206896551724138
      }
    },
    "1654": {
      "gt_rooms": 4,
      "qwen": {
        "precision": 0.0,
        "recall": 0.0,
        "f1": 0.0
      },
      "claude": {
        "precision": 0.3333333333333333,
        "recall": 0.75,
        "f1": 0.46153846153846156
      }
    },
    "1699": {
      "gt_rooms": 9,
      "qwen": {
        "precision": 0.6666666666666666,
        "recall": 0.6666666666666666,
        "f1": 0.6666666666666666
      },
      "claude": {
        "precision": 0.5714285714285714,
        "recall": 0.8888888888888888,
        "f1": 0.6956521739130435
      }
    },
    "24": {
      "gt_rooms": 18,
      "qwen": {
        "precision": 0.6666666666666666,
        "recall": 0.2222222222222222,
        "f1": 0.3333333333333333
      },
      "claude": {
        "precision": 0.5,
        "recall": 0.3333333333333333,
        "f1": 0.4
      }
    },
    "259": {
      "gt_rooms": 21,
      "qwen": {
        "precision": 0.6111111111111112,
        "recall": 0.5238095238095238,
        "f1": 0.5641025641025642
      },
      "claude": {
        "precision": 0.7058823529411765,
        "recall": 0.5714285714285714,
        "f1": 0.6315789473684211
      }
    },
    "282": {
      "gt_rooms": 7,
      "qwen": {
        "precision": 0.5,
        "recall": 0.5714285714285714,
        "f1": 0.5333333333333333
      },
      "claude": {
        "precision": 0.5555555555555556,
        "recall": 0.7142857142857143,
        "f1": 0.6250000000000001
      }
    },
    "3015": {
      "gt_rooms": 12,
      "qwen": {
        "precision": 0.8,
        "recall": 0.6666666666666666,
        "f1": 0.7272727272727272
      },
      "claude": {
        "precision": 0.6666666666666666,
        "recall": 0.8333333333333334,
        "f1": 0.7407407407407408
      }
    },
    "3096": {
      "gt_rooms": 9,
      "qwen": {
        "precision": 0.7,
        "recall": 0.7777777777777778,
        "f1": 0.7368421052631577
      },
      "claude": {
        "precision": 0.5714285714285714,
        "recall": 0.8888888888888888,
        "f1": 0.6956521739130435
      }
    },
    "3164": {
      "gt_rooms": 12,
      "qwen": {
        "precision": 0.7272727272727273,
        "recall": 0.6666666666666666,
        "f1": 0.6956521739130435
      },
      "claude": {
        "precision": 0.6153846153846154,
        "recall": 0.6666666666666666,
        "f1": 0.64
      }
    },
    "333": {
      "gt_rooms": 6,
      "qwen": {
        "precision": 0.6666666666666666,
        "recall": 0.6666666666666666,
        "f1": 0.6666666666666666
      },
      "claude": {
        "precision": 0.4,
        "recall": 0.6666666666666666,
        "f1": 0.5
      }
    },
    "361": {
      "gt_rooms": 12,
      "qwen": {
        "precision": 0.6428571428571429,
        "recall": 0.75,
        "f1": 0.6923076923076924
      },
      "claude": {
        "precision": 0.5294117647058824,
        "recall": 0.75,
        "f1": 0.6206896551724139
      }
    },
    "4820": {
      "gt_rooms": 9,
      "qwen": {
        "precision": 0.6,
        "recall": 0.3333333333333333,
        "f1": 0.42857142857142855
      },
      "claude": {
        "precision": 0.5555555555555556,
        "recall": 0.5555555555555556,
        "f1": 0.5555555555555556
      }
    },
    "4972": {
      "gt_rooms": 8,
      "qwen": {
        "precision": 0.6666666666666666,
        "recall": 0.5,
        "f1": 0.5714285714285715
      },